Country Name,Country Code,Series Name,Series Code,Version Name,Version Code,2019 [YR2019],2020 [YR2020],2021 [YR2021],2022 [YR2022]
Afghanistan,AFG,"Inflation, consumer prices (annual %)",FP.CPI.TOTL.ZG,2022 Dec,202212,2.30237251516844,..,..,..
Africa Eastern and Southern,AFE,"Inflation, consumer prices (annual %)",FP.CPI.TOTL.ZG,2022 Dec,202212,4.12024587014984,6.36296055300016,6.07932754164423,..
Africa Western and Central,AFW,"Inflation, consumer prices (annual %)",FP.CPI.TOTL.ZG,2022 Dec,202212,1.75856517595659,2.43760882182242,3.83786802840503,..
Albania,ALB,"Inflation, consumer prices (annual %)",FP.CPI.TOTL.ZG,2022 Dec,202212,1.41109078954248,1.62088661717004,2.04147163139546,..
Algeria,DZA,"Inflation, consumer prices (annual %)",FP.CPI.TOTL.ZG,2022 Dec,202212,1.95176821052894,2.41513094083414,7.22606307415476,..
American Samoa,ASM,"Inflation, consumer prices (annual %)",FP.CPI.TOTL.ZG,2022 Dec,202212,..,..,..,..
Andorra,ADO,"Inflation, consumer prices (annual %)",FP.CPI.TOTL.ZG,2022 Dec,202212,..,..,..,..
Andorra,AND,"Inflation, consumer prices (annual %)",FP.CPI.TOTL.ZG,2022 Dec,202212,..,..,..,..
Angola,AGO,"Inflation, consumer prices (annual %)",FP.CPI.TOTL.ZG,2022 Dec,202212,17.0797044074954,22.2715643068877,25.7542656453085,..
Antigua and Barbuda,ATG,"Inflation, consumer prices (annual %)",FP.CPI.TOTL.ZG,2022 Dec,202212,1.43135598182989,0.625989707046698,2.06299638545331,..
Arab League states,ARB,"Inflation, consumer prices (annual %)",FP.CPI.TOTL.ZG,2022 Dec,202212,1.09184802655847,1.77740783806174,3.42362947609175,..
Argentina,ARG,"Inflation, consumer prices (annual %)",FP.CPI.TOTL.ZG,2022 Dec,202212,..,..,..,..
Armenia,ARM,"Inflation, consumer prices (annual %)",FP.CPI.TOTL.ZG,2022 Dec,202212,1.44344660770702,1.21143577838465,7.18483629443373,..
Aruba,ABW,"Inflation, consumer prices (annual %)",FP.CPI.TOTL.ZG,2022 Dec,202212,4.25746204335428,..,..,..
Australia,AUS,"Inflation, consumer prices (annual %)",FP.CPI.TOTL.ZG,2022 Dec,202212,1.61076787290379,0.846905537459293,2.86391042204995,..
Austria,AUT,"Inflation, consumer prices (annual %)",FP.CPI.TOTL.ZG,2022 Dec,202212,1.53089564152645,1.38191063351859,2.76666666666665,..
Azerbaijan,AZE,"Inflation, consumer prices (annual %)",FP.CPI.TOTL.ZG,2022 Dec,202212,2.61057182799216,2.75980947008126,6.65029912708779,..
"Bahamas, The",BHS,"Inflation, consumer prices (annual %)",FP.CPI.TOTL.ZG,2022 Dec,202212,2.49123527368055,0.0385210980053727,2.90491262928479,..
Bahrain,BHR,"Inflation, consumer prices (annual %)",FP.CPI.TOTL.ZG,2022 Dec,202212,1.00582004702132,-2.31770629331374,-0.606319385140896,..
Bangladesh,BGD,"Inflation, consumer prices (annual %)",FP.CPI.TOTL.ZG,2022 Dec,202212,5.59199639930633,5.6910747474621,5.54565430773474,..
Barbados,BRB,"Inflation, consumer prices (annual %)",FP.CPI.TOTL.ZG,2022 Dec,202212,4.10028964518463,..,..,..
Belarus,BLR,"Inflation, consumer prices (annual %)",FP.CPI.TOTL.ZG,2022 Dec,202212,5.59815595039851,5.54814357456511,9.46028389623105,..
Belgium,BEL,"Inflation, consumer prices (annual %)",FP.CPI.TOTL.ZG,2022 Dec,202212,1.43681956996435,0.740791812220385,2.44024851144081,..
Belize,BLZ,"Inflation, consumer prices (annual %)",FP.CPI.TOTL.ZG,2022 Dec,202212,0.187069385181357,0.12143464461496,3.23563659237067,..
Benin,BEN,"Inflation, consumer prices (annual %)",FP.CPI.TOTL.ZG,2022 Dec,202212,-0.70502663454275,3.02272119663756,1.73353962694033,..
Bermuda,BMU,"Inflation, consumer prices (annual %)",FP.CPI.TOTL.ZG,2022 Dec,202212,..,..,..,..
Bhutan,BTN,"Inflation, consumer prices (annual %)",FP.CPI.TOTL.ZG,2022 Dec,202212,2.72582104307304,5.62999177986902,7.34683859830958,..
Bolivia,BOL,"Inflation, consumer prices (annual %)",FP.CPI.TOTL.ZG,2022 Dec,202212,1.83954504969032,0.940742153381823,0.737383721452315,..
Bosnia and Herzegovina,BIH,"Inflation, consumer prices (annual %)",FP.CPI.TOTL.ZG,2022 Dec,202212,0.562782154061303,-1.05129600763481,1.98163900587616,..
Botswana,BWA,"Inflation, consumer prices (annual %)",FP.CPI.TOTL.ZG,2022 Dec,202212,2.7728644286333,1.89035916824198,7.24097765588449,..
Brazil,BRA,"Inflation, consumer prices (annual %)",FP.CPI.TOTL.ZG,2022 Dec,202212,3.73297621216894,3.21176803803379,8.30165975585676,..
British Virgin Islands,VGB,"Inflation, consumer prices (annual %)",FP.CPI.TOTL.ZG,2022 Dec,202212,..,..,..,..
Brunei,BRN,"Inflation, consumer prices (annual %)",FP.CPI.TOTL.ZG,2022 Dec,202212,-0.390522069165492,1.94031996607178,1.73341388450597,..
Bulgaria,BGR,"Inflation, consumer prices (annual %)",FP.CPI.TOTL.ZG,2022 Dec,202212,3.10372944796774,1.67244096855762,3.29774435299511,..
Burkina Faso,BFA,"Inflation, consumer prices (annual %)",FP.CPI.TOTL.ZG,2022 Dec,202212,-3.23338933983321,1.88443993781985,3.65353287214207,..
Burundi,BDI,"Inflation, consumer prices (annual %)",FP.CPI.TOTL.ZG,2022 Dec,202212,-0.686772170797229,7.32110643415513,8.4045384507634,..
Cambodia,KHM,"Inflation, consumer prices (annual %)",FP.CPI.TOTL.ZG,2022 Dec,202212,1.94257500833109,2.94029514263973,2.9207347759295,..
Cameroon,CMR,"Inflation, consumer prices (annual %)",FP.CPI.TOTL.ZG,2022 Dec,202212,2.45280214062733,2.43760882182242,2.27185762503631,..
Canada,CAN,"Inflation, consumer prices (annual %)",FP.CPI.TOTL.ZG,2022 Dec,202212,1.94926902411596,0.716999632307852,3.39519318527532,..
Cape Verde,CPV,"Inflation, consumer prices (annual %)",FP.CPI.TOTL.ZG,2022 Dec,202212,1.1066667429606,0.60579580839551,1.86215297494637,..
Caribbean small states,CSS,"Inflation, consumer prices (annual %)",FP.CPI.TOTL.ZG,2022 Dec,202212,1.21594945605107,0.0799778713101663,2.41070312174385,..
Cayman Islands,CYM,"Inflation, consumer prices (annual %)",FP.CPI.TOTL.ZG,2022 Dec,202212,..,..,..,..
Central African Republic,CAF,"Inflation, consumer prices (annual %)",FP.CPI.TOTL.ZG,2022 Dec,202212,2.68537355266785,1.71015659523149,4.25936417542871,..
Central Europe and the Baltics,CEB,"Inflation, consumer prices (annual %)",FP.CPI.TOTL.ZG,2022 Dec,202212,2.66456133425443,1.67244096855762,3.8398449150015,..
Chad,TCD,"Inflation, consumer prices (annual %)",FP.CPI.TOTL.ZG,2022 Dec,202212,-0.971939175419353,4.46414437232863,-0.772844370359128,..
Channel Islands,CHI,"Inflation, consumer prices (annual %)",FP.CPI.TOTL.ZG,2022 Dec,202212,..,..,..,..
Chile,CHL,"Inflation, consumer prices (annual %)",FP.CPI.TOTL.ZG,2022 Dec,202212,2.55754475703323,3.04549084804331,4.52456838259136,..
China,CHN,"Inflation, consumer prices (annual %)",FP.CPI.TOTL.ZG,2022 Dec,202212,2.89923416358227,2.4194218945778,0.981015135544851,..
China and India,CNI,"Inflation, consumer prices (annual %)",FP.CPI.TOTL.ZG,2022 Dec,202212,..,..,..,..
Colombia,COL,"Inflation, consumer prices (annual %)",FP.CPI.TOTL.ZG,2022 Dec,202212,3.52301932741443,2.52663500084712,3.49505757399453,..
Comoros,COM,"Inflation, consumer prices (annual %)",FP.CPI.TOTL.ZG,2022 Dec,202212,..,..,..,..
Congo,COG,"Inflation, consumer prices (annual %)",FP.CPI.TOTL.ZG,2022 Dec,202212,2.20607305781519,1.79537147083111,1.71564275451263,..
"Congo, Dem. Rep.",COD,"Inflation, consumer prices (annual %)",FP.CPI.TOTL.ZG,2022 Dec,202212,..,..,..,..
"Congo, Dem. Rep.",ZAR,"Inflation, consumer prices (annual %)",FP.CPI.TOTL.ZG,2022 Dec,202212,..,..,..,..
Costa Rica,CRI,"Inflation, consumer prices (annual %)",FP.CPI.TOTL.ZG,2022 Dec,202212,2.09604635327805,0.724911478131358,1.72647755109235,..
Cote d'Ivoire,CIV,"Inflation, consumer prices (annual %)",FP.CPI.TOTL.ZG,2022 Dec,202212,-1.10686343994202,2.42500656821829,4.09195189692858,..
Croatia,HRV,"Inflation, consumer prices (annual %)",FP.CPI.TOTL.ZG,2022 Dec,202212,0.771820346498083,0.154811374562028,2.55450699642046,..
Cuba,CUB,"Inflation, consumer prices (annual %)",FP.CPI.TOTL.ZG,2022 Dec,202212,..,..,..,..
Curacao,CUW,"Inflation, consumer prices (annual %)",FP.CPI.TOTL.ZG,2022 Dec,202212,2.62220783425056,..,..,..
Cyprus,CYP,"Inflation, consumer prices (annual %)",FP.CPI.TOTL.ZG,2022 Dec,202212,0.250370996758456,-0.638422797978907,2.44608867175472,..
Czech Republic,CZE,"Inflation, consumer prices (annual %)",FP.CPI.TOTL.ZG,2022 Dec,202212,2.84787595918047,3.16129528497808,3.8398449150015,..
Czechoslovakia,CSK,"Inflation, consumer prices (annual %)",FP.CPI.TOTL.ZG,2022 Dec,202212,..,..,..,..
Dem. People's Rep. Korea,PRK,"Inflation, consumer prices (annual %)",FP.CPI.TOTL.ZG,2022 Dec,202212,..,..,..,..
Denmark,DNK,"Inflation, consumer prices (annual %)",FP.CPI.TOTL.ZG,2022 Dec,202212,0.758131572511619,0.420711974110026,1.85304543989687,..
Djibouti,DJI,"Inflation, consumer prices (annual %)",FP.CPI.TOTL.ZG,2022 Dec,202212,3.31925372703833,1.77740783806174,..,..
Dominica,DMA,"Inflation, consumer prices (annual %)",FP.CPI.TOTL.ZG,2022 Dec,202212,1.50462353858147,-0.727116412668306,..,..
Dominican Republic,DOM,"Inflation, consumer prices (annual %)",FP.CPI.TOTL.ZG,2022 Dec,202212,1.8106037704296,3.78103179915516,8.24300347981817,..
Early-demographic dividend,EAR,"Inflation, consumer prices (annual %)",FP.CPI.TOTL.ZG,2022 Dec,202212,2.7598087347445,3.08679294765088,4.27166381536796,..
East Asia & Pacific,EAP,"Inflation, consumer prices (annual %)",FP.CPI.TOTL.ZG,2022 Dec,202212,1.85783841646689,2.39316239316241,2.54479213620967,..
East Asia & Pacific (all income levels),EAS,"Inflation, consumer prices (annual %)",FP.CPI.TOTL.ZG,2022 Dec,202212,1.62724367098146,0.846905537459293,2.47710241465444,..
East Asia & Pacific (IDA & IBRD),TEA,"Inflation, consumer prices (annual %)",FP.CPI.TOTL.ZG,2022 Dec,202212,1.85783841646689,2.39316239316241,2.54479213620967,..
East Asia and the Pacific (IFC classification),CEA,"Inflation, consumer prices (annual %)",FP.CPI.TOTL.ZG,2022 Dec,202212,..,..,..,..
EASTERN EUROPE,EER,"Inflation, consumer prices (annual %)",FP.CPI.TOTL.ZG,2022 Dec,202212,..,..,..,..
Ecuador,ECU,"Inflation, consumer prices (annual %)",FP.CPI.TOTL.ZG,2022 Dec,202212,0.266012515466136,-0.338872392562274,0.133251386096455,..
Egypt,EGY,"Inflation, consumer prices (annual %)",FP.CPI.TOTL.ZG,2022 Dec,202212,9.15279959324812,5.04493288977533,5.21404940513043,..
El Salvador,SLV,"Inflation, consumer prices (annual %)",FP.CPI.TOTL.ZG,2022 Dec,202212,0.0753241350024327,-0.371590212323993,3.46692585313078,..
Equatorial Guinea,GNQ,"Inflation, consumer prices (annual %)",FP.CPI.TOTL.ZG,2022 Dec,202212,1.23869860205109,4.76970498098298,..,..
Eritrea,ERI,"Inflation, consumer prices (annual %)",FP.CPI.TOTL.ZG,2022 Dec,202212,..,..,..,..
Estonia,EST,"Inflation, consumer prices (annual %)",FP.CPI.TOTL.ZG,2022 Dec,202212,2.27725931243518,-0.444531097679859,4.65316673847481,..
Ethiopia,ETH,"Inflation, consumer prices (annual %)",FP.CPI.TOTL.ZG,2022 Dec,202212,15.8096321719345,20.3563468559061,26.8395221557722,..
Euro area,EMU,"Inflation, consumer prices (annual %)",FP.CPI.TOTL.ZG,2022 Dec,202212,1.4456670146976,0.290554555653313,2.44608867175472,..
Europe & Central Asia,ECA,"Inflation, consumer prices (annual %)",FP.CPI.TOTL.ZG,2022 Dec,202212,2.88986073718333,2.74615078213773,6.65029912708779,..
Europe & Central Asia (all income levels),ECS,"Inflation, consumer prices (annual %)",FP.CPI.TOTL.ZG,2022 Dec,202212,1.78415097403832,1.20007348888482,3.19017771027091,..
Europe & Central Asia (IDA & IBRD),TEC,"Inflation, consumer prices (annual %)",FP.CPI.TOTL.ZG,2022 Dec,202212,2.67599202639892,2.7324920941942,5.08071916861052,..
Europe and Central Asia (IFC classification),CEU,"Inflation, consumer prices (annual %)",FP.CPI.TOTL.ZG,2022 Dec,202212,..,..,..,..
European Community,EEC,"Inflation, consumer prices (annual %)",FP.CPI.TOTL.ZG,2022 Dec,202212,..,..,..,..
European Union,EUU,"Inflation, consumer prices (annual %)",FP.CPI.TOTL.ZG,2022 Dec,202212,1.63052260754338,0.497367318853562,2.55450699642046,..
Faeroe Islands,FRO,"Inflation, consumer prices (annual %)",FP.CPI.TOTL.ZG,2022 Dec,202212,..,..,..,..
Fiji,FJI,"Inflation, consumer prices (annual %)",FP.CPI.TOTL.ZG,2022 Dec,202212,1.7731018246027,-2.5952432588737,0.155855722131493,..
Finland,FIN,"Inflation, consumer prices (annual %)",FP.CPI.TOTL.ZG,2022 Dec,202212,1.02409392963429,0.290554555653313,2.19457432339993,..
Fragile and conflict affected situations,FCS,"Inflation, consumer prices (annual %)",FP.CPI.TOTL.ZG,2022 Dec,202212,2.45280214062733,2.9308718405117,4.48359014042394,..
France,FRA,"Inflation, consumer prices (annual %)",FP.CPI.TOTL.ZG,2022 Dec,202212,1.10825492288292,0.476498852725083,1.64233141038392,..
French Guiana,GUF,"Inflation, consumer prices (annual %)",FP.CPI.TOTL.ZG,2022 Dec,202212,..,..,..,..
French Polynesia,PYF,"Inflation, consumer prices (annual %)",FP.CPI.TOTL.ZG,2022 Dec,202212,..,..,..,..
Gabon,GAB,"Inflation, consumer prices (annual %)",FP.CPI.TOTL.ZG,2022 Dec,202212,2.46456756151187,1.17681176042119,..,..
"Gambia, The",GMB,"Inflation, consumer prices (annual %)",FP.CPI.TOTL.ZG,2022 Dec,202212,7.11567625631191,5.93127636562439,7.37034758876615,..
Georgia,GEO,"Inflation, consumer prices (annual %)",FP.CPI.TOTL.ZG,2022 Dec,202212,4.85289821696731,5.2024648897533,9.56691433824767,..
Germany,DEU,"Inflation, consumer prices (annual %)",FP.CPI.TOTL.ZG,2022 Dec,202212,1.4456670146976,0.506689889953274,3.14296967309964,..
Ghana,GHA,"Inflation, consumer prices (annual %)",FP.CPI.TOTL.ZG,2022 Dec,202212,7.14364003330856,9.88728956269943,9.97108867504441,..
Gibraltar,GIB,"Inflation, consumer prices (annual %)",FP.CPI.TOTL.ZG,2022 Dec,202212,..,..,..,..
Greece,GRC,"Inflation, consumer prices (annual %)",FP.CPI.TOTL.ZG,2022 Dec,202212,0.25300752203812,-1.24798355581408,1.22382501019855,..
Greenland,GRL,"Inflation, consumer prices (annual %)",FP.CPI.TOTL.ZG,2022 Dec,202212,..,..,..,..
Grenada,GRD,"Inflation, consumer prices (annual %)",FP.CPI.TOTL.ZG,2022 Dec,202212,0.59814976473601,-0.740732597045501,1.21951193916844,..
Guadeloupe,GLP,"Inflation, consumer prices (annual %)",FP.CPI.TOTL.ZG,2022 Dec,202212,..,..,..,..
Guam,GUM,"Inflation, consumer prices (annual %)",FP.CPI.TOTL.ZG,2022 Dec,202212,..,..,..,..
Guatemala,GTM,"Inflation, consumer prices (annual %)",FP.CPI.TOTL.ZG,2022 Dec,202212,3.69998398008601,3.21444062197346,4.26105127422819,..
Guinea,GIN,"Inflation, consumer prices (annual %)",FP.CPI.TOTL.ZG,2022 Dec,202212,9.47077937313535,10.6018600008336,12.5970695076018,..
Guinea-Bissau,GNB,"Inflation, consumer prices (annual %)",FP.CPI.TOTL.ZG,2022 Dec,202212,0.246600268147853,1.14000939393218,2.24248879577662,..
Guyana,GUY,"Inflation, consumer prices (annual %)",FP.CPI.TOTL.ZG,2022 Dec,202212,2.0872308916202,0.993337022838757,5.03285574626696,..
Haiti,HTI,"Inflation, consumer prices (annual %)",FP.CPI.TOTL.ZG,2022 Dec,202212,18.7037825672506,22.7963113642528,16.8415240198785,..
Heavily indebted poor countries (HIPC),HPC,"Inflation, consumer prices (annual %)",FP.CPI.TOTL.ZG,2022 Dec,202212,2.68537355266785,3.3018067617141,4.25936417542871,..
High income,HIC,"Inflation, consumer prices (annual %)",FP.CPI.TOTL.ZG,2022 Dec,202212,1.57083175721512,0.537288023411772,2.5083522147377,..
High income: nonOECD,NOC,"Inflation, consumer prices (annual %)",FP.CPI.TOTL.ZG,2022 Dec,202212,..,..,..,..
High income: OECD,OEC,"Inflation, consumer prices (annual %)",FP.CPI.TOTL.ZG,2022 Dec,202212,..,..,..,..
Honduras,HND,"Inflation, consumer prices (annual %)",FP.CPI.TOTL.ZG,2022 Dec,202212,4.36587159819272,3.46841177951168,4.48087963413448,..
"Hong Kong SAR, China",HKG,"Inflation, consumer prices (annual %)",FP.CPI.TOTL.ZG,2022 Dec,202212,2.8832085377399,0.250962021080809,1.56875834445927,..
Hungary,HUN,"Inflation, consumer prices (annual %)",FP.CPI.TOTL.ZG,2022 Dec,202212,3.3385863538201,3.3267438576673,5.11096534382858,..
IBRD only,IBD,"Inflation, consumer prices (annual %)",FP.CPI.TOTL.ZG,2022 Dec,202212,2.57778048007199,2.47302844771246,4.39811609897966,..
Iceland,ISL,"Inflation, consumer prices (annual %)",FP.CPI.TOTL.ZG,2022 Dec,202212,3.01397179156056,2.84792401518658,4.44423970189747,..
IDA & IBRD total,IBT,"Inflation, consumer prices (annual %)",FP.CPI.TOTL.ZG,2022 Dec,202212,2.61057182799216,2.94029514263973,4.27166381536796,..
IDA blend,IDB,"Inflation, consumer prices (annual %)",FP.CPI.TOTL.ZG,2022 Dec,202212,2.20607305781519,2.11649014632676,2.41070312174385,..
IDA only,IDX,"Inflation, consumer prices (annual %)",FP.CPI.TOTL.ZG,2022 Dec,202212,2.74417061846705,3.46841177951168,4.37012190478159,..
IDA total,IDA,"Inflation, consumer prices (annual %)",FP.CPI.TOTL.ZG,2022 Dec,202212,2.68537355266785,3.31332289544493,4.25936417542871,..
India,IND,"Inflation, consumer prices (annual %)",FP.CPI.TOTL.ZG,2022 Dec,202212,3.72950573539126,6.62343677628532,5.13140747176369,..
Indonesia,IDN,"Inflation, consumer prices (annual %)",FP.CPI.TOTL.ZG,2022 Dec,202212,3.03058664969491,1.92096800566845,1.56012990525685,..
Iran,IRN,"Inflation, consumer prices (annual %)",FP.CPI.TOTL.ZG,2022 Dec,202212,39.9073455697783,30.5941390387295,43.3890162681516,..
Iraq,IRQ,"Inflation, consumer prices (annual %)",FP.CPI.TOTL.ZG,2022 Dec,202212,-0.198965380023871,0.574162679425838,6.04186489058039,..
Ireland,IRL,"Inflation, consumer prices (annual %)",FP.CPI.TOTL.ZG,2022 Dec,202212,0.939044481054341,-0.334584625428444,2.35814296241712,..
Isle of Man,IMN,"Inflation, consumer prices (annual %)",FP.CPI.TOTL.ZG,2022 Dec,202212,..,..,..,..
Isle of Man,IMY,"Inflation, consumer prices (annual %)",FP.CPI.TOTL.ZG,2022 Dec,202212,..,..,..,..
Israel,ISR,"Inflation, consumer prices (annual %)",FP.CPI.TOTL.ZG,2022 Dec,202212,0.844128708733833,-0.588430300016595,1.49228845352231,..
Italy,ITA,"Inflation, consumer prices (annual %)",FP.CPI.TOTL.ZG,2022 Dec,202212,0.611246943765291,-0.13770757391657,1.87378325762491,..
Jamaica,JAM,"Inflation, consumer prices (annual %)",FP.CPI.TOTL.ZG,2022 Dec,202212,3.90510000865876,5.22677779293517,5.86278242801063,..
Japan,JPN,"Inflation, consumer prices (annual %)",FP.CPI.TOTL.ZG,2022 Dec,202212,0.468776159383912,-0.0249958340276592,-0.233352779398279,..
Jordan,JOR,"Inflation, consumer prices (annual %)",FP.CPI.TOTL.ZG,2022 Dec,202212,0.761514047265513,0.33329435062843,1.34609377243118,..
Kazakhstan,KAZ,"Inflation, consumer prices (annual %)",FP.CPI.TOTL.ZG,2022 Dec,202212,5.24547679608388,6.74900183815967,..,..
Kenya,KEN,"Inflation, consumer prices (annual %)",FP.CPI.TOTL.ZG,2022 Dec,202212,5.23585999425422,5.40481467184518,6.11090916378165,..
Kiribati,KIR,"Inflation, consumer prices (annual %)",FP.CPI.TOTL.ZG,2022 Dec,202212,-1.81307995302948,..,..,..
Korea,KOR,"Inflation, consumer prices (annual %)",FP.CPI.TOTL.ZG,2022 Dec,202212,0.383000303608079,0.537288023411772,2.49833333333334,..
Kosovo,KSV,"Inflation, consumer prices (annual %)",FP.CPI.TOTL.ZG,2022 Dec,202212,..,..,..,..
Kosovo,XKX,"Inflation, consumer prices (annual %)",FP.CPI.TOTL.ZG,2022 Dec,202212,2.67599202639892,0.198227922994858,3.35369139207989,..
Kuwait,KWT,"Inflation, consumer prices (annual %)",FP.CPI.TOTL.ZG,2022 Dec,202212,1.09184802655847,2.1017295482741,3.42362947609175,..
Kyrgyz Republic,KGZ,"Inflation, consumer prices (annual %)",FP.CPI.TOTL.ZG,2022 Dec,202212,1.13362257718798,6.32542296338083,11.9050398185147,..
Lao PDR,LAO,"Inflation, consumer prices (annual %)",FP.CPI.TOTL.ZG,2022 Dec,202212,3.32255881256934,5.10407262959903,3.75562036658905,..
Late-demographic dividend,LTE,"Inflation, consumer prices (annual %)",FP.CPI.TOTL.ZG,2022 Dec,202212,2.16176258133052,1.94031996607178,3.45934352504314,..
Latin America & Caribbean,LAC,"Inflation, consumer prices (annual %)",FP.CPI.TOTL.ZG,2022 Dec,202212,2.09604635327805,1.88496399057989,4.27166381536796,..
Latin America & Caribbean (all income levels),LCN,"Inflation, consumer prices (annual %)",FP.CPI.TOTL.ZG,2022 Dec,202212,2.25212191358024,0.993337022838757,3.87805442411136,..
Latin America & Caribbean (IDA & IBRD),TLA,"Inflation, consumer prices (annual %)",FP.CPI.TOTL.ZG,2022 Dec,202212,2.0872308916202,1.38042647320281,4.26105127422819,..
Latin America and the Caribbean (IFC classification),CLA,"Inflation, consumer prices (annual %)",FP.CPI.TOTL.ZG,2022 Dec,202212,..,..,..,..
Latvia,LVA,"Inflation, consumer prices (annual %)",FP.CPI.TOTL.ZG,2022 Dec,202212,2.81140920075622,0.219064904842049,3.27582937431157,..
Least developed countries: UN classification,LDC,"Inflation, consumer prices (annual %)",FP.CPI.TOTL.ZG,2022 Dec,202212,3.09342088075371,4.72112056742577,4.90250924158173,..
Lebanon,LBN,"Inflation, consumer prices (annual %)",FP.CPI.TOTL.ZG,2022 Dec,202212,3.0053894939038,84.8643330472041,154.756096023393,..
Lesotho,LSO,"Inflation, consumer prices (annual %)",FP.CPI.TOTL.ZG,2022 Dec,202212,5.18708359197993,4.97809676252292,6.04774591950681,..
Liberia,LBR,"Inflation, consumer prices (annual %)",FP.CPI.TOTL.ZG,2022 Dec,202212,..,..,..,..
Libya,LBY,"Inflation, consumer prices (annual %)",FP.CPI.TOTL.ZG,2022 Dec,202212,..,..,..,..
Liechtenstein,LIE,"Inflation, consumer prices (annual %)",FP.CPI.TOTL.ZG,2022 Dec,202212,..,..,..,..
Lithuania,LTU,"Inflation, consumer prices (annual %)",FP.CPI.TOTL.ZG,2022 Dec,202212,2.33450937988024,1.19989444983569,4.68354420903459,..
Low & middle income,LMY,"Inflation, consumer prices (annual %)",FP.CPI.TOTL.ZG,2022 Dec,202212,2.70559729787044,2.95192253170021,4.27166381536796,..
Low income,LIC,"Inflation, consumer prices (annual %)",FP.CPI.TOTL.ZG,2022 Dec,202212,2.86758803446909,5.19771036897651,5.7503690895717,..
"Low income, excluding China and India",LIX,"Inflation, consumer prices (annual %)",FP.CPI.TOTL.ZG,2022 Dec,202212,..,..,..,..
Lower middle income,LMC,"Inflation, consumer prices (annual %)",FP.CPI.TOTL.ZG,2022 Dec,202212,3.03058664969491,3.68181341625573,4.70600205495677,..
Low-income Africa,LSA,"Inflation, consumer prices (annual %)",FP.CPI.TOTL.ZG,2022 Dec,202212,..,..,..,..
Luxembourg,LUX,"Inflation, consumer prices (annual %)",FP.CPI.TOTL.ZG,2022 Dec,202212,1.74332075653843,0.819957302126994,2.52692009066169,..
"Macao SAR, China",MAC,"Inflation, consumer prices (annual %)",FP.CPI.TOTL.ZG,2022 Dec,202212,2.75193081051976,0.81141051149158,..,..
Madagascar,MDG,"Inflation, consumer prices (annual %)",FP.CPI.TOTL.ZG,2022 Dec,202212,5.61051441492366,4.20179312190553,5.81225118787723,..
Malawi,MWI,"Inflation, consumer prices (annual %)",FP.CPI.TOTL.ZG,2022 Dec,202212,9.37083605605672,8.62551469650552,..,..
Malaysia,MYS,"Inflation, consumer prices (annual %)",FP.CPI.TOTL.ZG,2022 Dec,202212,0.662891865764376,-1.13870215393056,2.47710241465444,..
Maldives,MDV,"Inflation, consumer prices (annual %)",FP.CPI.TOTL.ZG,2022 Dec,202212,0.220029731065343,-1.3697742556981,0.543149688736981,..
Mali,MLI,"Inflation, consumer prices (annual %)",FP.CPI.TOTL.ZG,2022 Dec,202212,-1.65826694846368,0.438088940320712,3.92560283104272,..
Malta,MLT,"Inflation, consumer prices (annual %)",FP.CPI.TOTL.ZG,2022 Dec,202212,1.64206001768947,0.638544956776653,1.49789217934737,..
Marshall Islands,MHL,"Inflation, consumer prices (annual %)",FP.CPI.TOTL.ZG,2022 Dec,202212,..,..,..,..
Martinique,MTQ,"Inflation, consumer prices (annual %)",FP.CPI.TOTL.ZG,2022 Dec,202212,..,..,..,..
Mauritania,MRT,"Inflation, consumer prices (annual %)",FP.CPI.TOTL.ZG,2022 Dec,202212,2.30009262117938,2.38569488456317,3.56516484650187,..
Mauritius,MUS,"Inflation, consumer prices (annual %)",FP.CPI.TOTL.ZG,2022 Dec,202212,0.405655190309511,2.58080077182828,4.02852888157379,..
Mayotte,MYT,"Inflation, consumer prices (annual %)",FP.CPI.TOTL.ZG,2022 Dec,202212,..,..,..,..
Mexico,MEX,"Inflation, consumer prices (annual %)",FP.CPI.TOTL.ZG,2022 Dec,202212,3.6359614212705,3.39683415569999,5.68920847683764,..
Micronesia,FSM,"Inflation, consumer prices (annual %)",FP.CPI.TOTL.ZG,2022 Dec,202212,1.53907146098899,0.550898203592806,..,..
Middle East & North Africa,MNA,"Inflation, consumer prices (annual %)",FP.CPI.TOTL.ZG,2022 Dec,202212,2.47857885221637,2.09626938944794,5.70635020830702,..
Middle East & North Africa (all income levels),MEA,"Inflation, consumer prices (annual %)",FP.CPI.TOTL.ZG,2022 Dec,202212,1.04883403678989,0.672256809057485,2.68387777341776,..
Middle East & North Africa (IDA & IBRD),TMN,"Inflation, consumer prices (annual %)",FP.CPI.TOTL.ZG,2022 Dec,202212,3.0053894939038,2.41513094083414,5.87410754944371,..
Middle East (developing only),MDE,"Inflation, consumer prices (annual %)",FP.CPI.TOTL.ZG,2022 Dec,202212,..,..,..,..
Middle East and North Africa (IFC classification),CME,"Inflation, consumer prices (annual %)",FP.CPI.TOTL.ZG,2022 Dec,202212,..,..,..,..
Middle income,MIC,"Inflation, consumer prices (annual %)",FP.CPI.TOTL.ZG,2022 Dec,202212,2.61057182799216,2.5641177087669,4.26105127422819,..
Moldova,MDA,"Inflation, consumer prices (annual %)",FP.CPI.TOTL.ZG,2022 Dec,202212,4.83778351428719,3.76597122245352,5.10641129002835,..
Monaco,MCO,"Inflation, consumer prices (annual %)",FP.CPI.TOTL.ZG,2022 Dec,202212,..,..,..,..
Mongolia,MNG,"Inflation, consumer prices (annual %)",FP.CPI.TOTL.ZG,2022 Dec,202212,7.30106953550724,3.79604026111249,7.35281243380224,..
Montenegro,MNE,"Inflation, consumer prices (annual %)",FP.CPI.TOTL.ZG,2022 Dec,202212,0.361563704540798,-0.255655699848551,2.41080198403167,..
Morocco,MAR,"Inflation, consumer prices (annual %)",FP.CPI.TOTL.ZG,2022 Dec,202212,0.303386036590361,0.705968661338317,1.4019588396201,..
Mozambique,MOZ,"Inflation, consumer prices (annual %)",FP.CPI.TOTL.ZG,2022 Dec,202212,2.78110631182942,3.14169129409215,5.68848699126617,..
Myanmar,MMR,"Inflation, consumer prices (annual %)",FP.CPI.TOTL.ZG,2022 Dec,202212,8.82506696804562,..,..,..
Namibia,NAM,"Inflation, consumer prices (annual %)",FP.CPI.TOTL.ZG,2022 Dec,202212,3.72239414422688,2.20938236933476,3.61690530108811,..
Nauru,NRU,"Inflation, consumer prices (annual %)",FP.CPI.TOTL.ZG,2022 Dec,202212,..,..,..,..
Nepal,NPL,"Inflation, consumer prices (annual %)",FP.CPI.TOTL.ZG,2022 Dec,202212,5.56868547784925,5.05236655289216,4.08791045882441,..
Netherlands,NLD,"Inflation, consumer prices (annual %)",FP.CPI.TOTL.ZG,2022 Dec,202212,2.63369910249593,1.2724603778917,2.67572008805381,..
Netherlands Antilles,ANT,"Inflation, consumer prices (annual %)",FP.CPI.TOTL.ZG,2022 Dec,202212,..,..,..,..
New Caledonia,NCL,"Inflation, consumer prices (annual %)",FP.CPI.TOTL.ZG,2022 Dec,202212,..,..,..,..
New Zealand,NZL,"Inflation, consumer prices (annual %)",FP.CPI.TOTL.ZG,2022 Dec,202212,1.61963190184049,1.71456170007244,3.94112060778728,..
Nicaragua,NIC,"Inflation, consumer prices (annual %)",FP.CPI.TOTL.ZG,2022 Dec,202212,5.3762899084413,3.68181341625573,4.92841396948961,..
Niger,NER,"Inflation, consumer prices (annual %)",FP.CPI.TOTL.ZG,2022 Dec,202212,-2.48979265070851,2.89819376026271,3.83786802840503,..
Nigeria,NGA,"Inflation, consumer prices (annual %)",FP.CPI.TOTL.ZG,2022 Dec,202212,11.3967949687168,13.2460234276597,16.9528457221608,..
North America,NAC,"Inflation, consumer prices (annual %)",FP.CPI.TOTL.ZG,2022 Dec,202212,1.88073954968806,0.975292014307111,4.04652602445636,..
North Macedonia,MKD,"Inflation, consumer prices (annual %)",FP.CPI.TOTL.ZG,2022 Dec,202212,0.766439573459688,1.20007348888482,3.23074912132919,..
Northern Mariana Islands,MNP,"Inflation, consumer prices (annual %)",FP.CPI.TOTL.ZG,2022 Dec,202212,..,..,..,..
Norway,NOR,"Inflation, consumer prices (annual %)",FP.CPI.TOTL.ZG,2022 Dec,202212,2.16773003305405,1.28658490707998,3.48388055266678,..
OECD members,OED,"Inflation, consumer prices (annual %)",FP.CPI.TOTL.ZG,2022 Dec,202212,1.74071267870177,0.732851645175872,2.8152885443583,..
Oman,OMN,"Inflation, consumer prices (annual %)",FP.CPI.TOTL.ZG,2022 Dec,202212,0.133795057453182,-0.903874872278535,1.54663705583755,..
Other low-income,LIO,"Inflation, consumer prices (annual %)",FP.CPI.TOTL.ZG,2022 Dec,202212,..,..,..,..
Other small states,OSS,"Inflation, consumer prices (annual %)",FP.CPI.TOTL.ZG,2022 Dec,202212,1.64206001768947,1.77740783806174,2.44608867175472,..
Pacific island small states,PSS,"Inflation, consumer prices (annual %)",FP.CPI.TOTL.ZG,2022 Dec,202212,1.35930740460351,0.218181818181824,2.47788271992722,..
Pakistan,PAK,"Inflation, consumer prices (annual %)",FP.CPI.TOTL.ZG,2022 Dec,202212,10.5783618004555,9.73999313898131,9.49621056124979,..
Palau,PLW,"Inflation, consumer prices (annual %)",FP.CPI.TOTL.ZG,2022 Dec,202212,0.267379679144381,0.218181818181824,2.61248185776489,..
Panama,PAN,"Inflation, consumer prices (annual %)",FP.CPI.TOTL.ZG,2022 Dec,202212,-0.355083821021212,-1.55027540803759,1.63070337301891,..
Papua New Guinea,PNG,"Inflation, consumer prices (annual %)",FP.CPI.TOTL.ZG,2022 Dec,202212,3.92867290939598,4.87167398565548,4.48359014042394,..
Paraguay,PRY,"Inflation, consumer prices (annual %)",FP.CPI.TOTL.ZG,2022 Dec,202212,2.75709727562792,1.76751592356686,4.78798310123612,..
Peru,PER,"Inflation, consumer prices (annual %)",FP.CPI.TOTL.ZG,2022 Dec,202212,2.25212191358024,2.00241205759293,4.27166381536796,..
Philippines,PHL,"Inflation, consumer prices (annual %)",FP.CPI.TOTL.ZG,2022 Dec,202212,2.39206534422402,2.39316239316241,3.92718022100326,..
Poland,POL,"Inflation, consumer prices (annual %)",FP.CPI.TOTL.ZG,2022 Dec,202212,2.227478809383,3.3744697261859,5.05502704719268,..
Portugal,PRT,"Inflation, consumer prices (annual %)",FP.CPI.TOTL.ZG,2022 Dec,202212,0.338178410046125,-0.0124383299576167,1.2656571906905,..
Post-demographic dividend,PST,"Inflation, consumer prices (annual %)",FP.CPI.TOTL.ZG,2022 Dec,202212,1.61963190184049,0.632267331911676,2.51837109614205,..
Pre-demographic dividend,PRE,"Inflation, consumer prices (annual %)",FP.CPI.TOTL.ZG,2022 Dec,202212,2.37758732789788,3.3018067617141,4.97392558334744,..
Puerto Rico,PRI,"Inflation, consumer prices (annual %)",FP.CPI.TOTL.ZG,2022 Dec,202212,..,..,..,..
Qatar,QAT,"Inflation, consumer prices (annual %)",FP.CPI.TOTL.ZG,2022 Dec,202212,-0.666641124861102,-2.54031503004763,2.30446565742003,..
Reunion,REU,"Inflation, consumer prices (annual %)",FP.CPI.TOTL.ZG,2022 Dec,202212,..,..,..,..
Romania,ROM,"Inflation, consumer prices (annual %)",FP.CPI.TOTL.ZG,2022 Dec,202212,..,..,..,..
Romania,ROU,"Inflation, consumer prices (annual %)",FP.CPI.TOTL.ZG,2022 Dec,202212,3.82785432599428,2.63107311184752,5.05232876096582,..
Russia,RUS,"Inflation, consumer prices (annual %)",FP.CPI.TOTL.ZG,2022 Dec,202212,4.47036660760175,3.38165937237896,6.69445891957619,..
Rwanda,RWA,"Inflation, consumer prices (annual %)",FP.CPI.TOTL.ZG,2022 Dec,202212,3.3478765503764,9.85039902274209,-0.391346748300792,..
Samoa,WSM,"Inflation, consumer prices (annual %)",FP.CPI.TOTL.ZG,2022 Dec,202212,0.982326569888142,-1.568912477409,3.1332047317449,..
San Marino,SMR,"Inflation, consumer prices (annual %)",FP.CPI.TOTL.ZG,2022 Dec,202212,..,..,..,..
Sao Tome and Principe,STP,"Inflation, consumer prices (annual %)",FP.CPI.TOTL.ZG,2022 Dec,202212,..,..,..,..
Saudi Arabia,SAU,"Inflation, consumer prices (annual %)",FP.CPI.TOTL.ZG,2022 Dec,202212,-2.09333333333333,3.44545825956691,3.06328988941548,..
Senegal,SEN,"Inflation, consumer prices (annual %)",FP.CPI.TOTL.ZG,2022 Dec,202212,1.75856517595659,2.54743464570552,..,..
Serbia,SRB,"Inflation, consumer prices (annual %)",FP.CPI.TOTL.ZG,2022 Dec,202212,1.8492298451109,1.57553290083409,4.08510285335103,..
Serbia and Montenegro,YUG,"Inflation, consumer prices (annual %)",FP.CPI.TOTL.ZG,2022 Dec,202212,..,..,..,..
Severely Indebted,ISD,"Inflation, consumer prices (annual %)",FP.CPI.TOTL.ZG,2022 Dec,202212,..,..,..,..
Seychelles,SYC,"Inflation, consumer prices (annual %)",FP.CPI.TOTL.ZG,2022 Dec,202212,2.07476436485001,8.27685811437228,..,..
Sierra Leone,SLE,"Inflation, consumer prices (annual %)",FP.CPI.TOTL.ZG,2022 Dec,202212,14.804999090602,13.4468711101053,11.8739588840234,..
Singapore,SGP,"Inflation, consumer prices (annual %)",FP.CPI.TOTL.ZG,2022 Dec,202212,0.565260568780358,-0.181916666666656,2.30485959040487,..
Sint Maarten (Dutch part),SXM,"Inflation, consumer prices (annual %)",FP.CPI.TOTL.ZG,2022 Dec,202212,..,..,..,..
Slovak Republic,SVK,"Inflation, consumer prices (annual %)",FP.CPI.TOTL.ZG,2022 Dec,202212,2.66456133425443,1.9369412669422,3.14960629921263,..
Slovenia,SVN,"Inflation, consumer prices (annual %)",FP.CPI.TOTL.ZG,2022 Dec,202212,1.63052260754338,-0.0548568157606067,1.91706506089267,..
Small states,SST,"Inflation, consumer prices (annual %)",FP.CPI.TOTL.ZG,2022 Dec,202212,1.43135598182989,0.615892757721104,2.4284453278932,..
Solomon Islands,SLB,"Inflation, consumer prices (annual %)",FP.CPI.TOTL.ZG,2022 Dec,202212,1.63485544012242,2.96354992076069,-0.1154378944128,..
Somalia,SOM,"Inflation, consumer prices (annual %)",FP.CPI.TOTL.ZG,2022 Dec,202212,..,..,..,..
South Africa,ZAF,"Inflation, consumer prices (annual %)",FP.CPI.TOTL.ZG,2022 Dec,202212,4.12024587014984,3.21003597454107,4.61167217803201,..
South Asia,SAS,"Inflation, consumer prices (annual %)",FP.CPI.TOTL.ZG,2022 Dec,202212,3.62894965885468,5.6910747474621,5.54565430773474,..
South Asia (IDA & IBRD),TSA,"Inflation, consumer prices (annual %)",FP.CPI.TOTL.ZG,2022 Dec,202212,3.62894965885468,5.6910747474621,5.54565430773474,..
South Asia (IFC classification),CSA,"Inflation, consumer prices (annual %)",FP.CPI.TOTL.ZG,2022 Dec,202212,..,..,..,..
South Sudan,SSD,"Inflation, consumer prices (annual %)",FP.CPI.TOTL.ZG,2022 Dec,202212,87.2413641500032,29.6758435538571,10.5167158294359,..
Spain,ESP,"Inflation, consumer prices (annual %)",FP.CPI.TOTL.ZG,2022 Dec,202212,0.699518994458693,-0.322753017299705,3.09313511976406,..
Sri Lanka,LKA,"Inflation, consumer prices (annual %)",FP.CPI.TOTL.ZG,2022 Dec,202212,3.52839358231809,6.15394508391743,7.01478071238186,..
St. Kitts and Nevis,KNA,"Inflation, consumer prices (annual %)",FP.CPI.TOTL.ZG,2022 Dec,202212,-0.329562063663904,-1.16724501769362,1.19568887038397,..
St. Lucia,LCA,"Inflation, consumer prices (annual %)",FP.CPI.TOTL.ZG,2022 Dec,202212,0.539087559191731,-1.75580833517596,2.41070312174385,..
St. Martin (French part),MAF,"Inflation, consumer prices (annual %)",FP.CPI.TOTL.ZG,2022 Dec,202212,..,..,..,..
St. Vincent and the Grenadines,VCT,"Inflation, consumer prices (annual %)",FP.CPI.TOTL.ZG,2022 Dec,202212,0.913069725324485,-0.628131309354661,1.57272932500565,..
Sub-Saharan Africa,SSA,"Inflation, consumer prices (annual %)",FP.CPI.TOTL.ZG,2022 Dec,202212,2.78110631182942,3.3018067617141,4.61167217803201,..
Sub-Saharan Africa (all income levels),SSF,"Inflation, consumer prices (annual %)",FP.CPI.TOTL.ZG,2022 Dec,202212,2.77698537023136,3.31332289544493,4.61167217803201,..
SUB-SAHARAN AFRICA (excl. Nigeria),SXN,"Inflation, consumer prices (annual %)",FP.CPI.TOTL.ZG,2022 Dec,202212,..,..,..,..
Sub-Saharan Africa (IDA & IBRD),TSS,"Inflation, consumer prices (annual %)",FP.CPI.TOTL.ZG,2022 Dec,202212,2.77698537023136,3.31332289544493,4.61167217803201,..
Sub-Saharan Africa (IFC classification),CAA,"Inflation, consumer prices (annual %)",FP.CPI.TOTL.ZG,2022 Dec,202212,..,..,..,..
Sudan,SDN,"Inflation, consumer prices (annual %)",FP.CPI.TOTL.ZG,2022 Dec,202212,50.9940515002971,150.322723865569,382.815998259943,..
Suriname,SUR,"Inflation, consumer prices (annual %)",FP.CPI.TOTL.ZG,2022 Dec,202212,..,34.8929491585684,59.1117096483868,..
Swaziland,SWZ,"Inflation, consumer prices (annual %)",FP.CPI.TOTL.ZG,2022 Dec,202212,2.59801620311075,..,..,..
Sweden,SWE,"Inflation, consumer prices (annual %)",FP.CPI.TOTL.ZG,2022 Dec,202212,1.78415097403832,0.497367318853562,2.16319736447149,..
Switzerland,CHE,"Inflation, consumer prices (annual %)",FP.CPI.TOTL.ZG,2022 Dec,202212,0.362886179940635,-0.725874933313391,0.581814168489875,..
Syrian Arab Republic,SYR,"Inflation, consumer prices (annual %)",FP.CPI.TOTL.ZG,2022 Dec,202212,..,..,..,..
"Taiwan, China",TWN,"Inflation, consumer prices (annual %)",FP.CPI.TOTL.ZG,2022 Dec,202212,..,..,..,..
Tajikistan,TJK,"Inflation, consumer prices (annual %)",FP.CPI.TOTL.ZG,2022 Dec,202212,..,..,..,..
Tanzania,TZA,"Inflation, consumer prices (annual %)",FP.CPI.TOTL.ZG,2022 Dec,202212,3.46428057999023,3.29029062798326,3.690919588022,..
Thailand,THA,"Inflation, consumer prices (annual %)",FP.CPI.TOTL.ZG,2022 Dec,202212,0.70672860131428,-0.845937147357037,1.23039541318382,..
Timor-Leste,TLS,"Inflation, consumer prices (annual %)",FP.CPI.TOTL.ZG,2022 Dec,202212,0.958812739703201,..,..,..
Timor-Leste,TMP,"Inflation, consumer prices (annual %)",FP.CPI.TOTL.ZG,2022 Dec,202212,..,..,..,..
Togo,TGO,"Inflation, consumer prices (annual %)",FP.CPI.TOTL.ZG,2022 Dec,202212,0.685897590895539,1.82754038520035,..,..
Tonga,TON,"Inflation, consumer prices (annual %)",FP.CPI.TOTL.ZG,2022 Dec,202212,1.17954334821804,-0.349737696727454,5.64051140636751,..
Trinidad and Tobago,TTO,"Inflation, consumer prices (annual %)",FP.CPI.TOTL.ZG,2022 Dec,202212,1.00054293027224,0.598986330824747,2.05922746915452,..
Tunisia,TUN,"Inflation, consumer prices (annual %)",FP.CPI.TOTL.ZG,2022 Dec,202212,6.72007532863804,5.63415115897623,5.70635020830702,..
Turkey,TUR,"Inflation, consumer prices (annual %)",FP.CPI.TOTL.ZG,2022 Dec,202212,15.1768215720023,12.2789574462574,19.5964926913323,..
Turkmenistan,TKM,"Inflation, consumer prices (annual %)",FP.CPI.TOTL.ZG,2022 Dec,202212,..,..,..,..
Turks and Caicos Islands,TCA,"Inflation, consumer prices (annual %)",FP.CPI.TOTL.ZG,2022 Dec,202212,..,..,..,..
Tuvalu,TUV,"Inflation, consumer prices (annual %)",FP.CPI.TOTL.ZG,2022 Dec,202212,..,..,..,..
Uganda,UGA,"Inflation, consumer prices (annual %)",FP.CPI.TOTL.ZG,2022 Dec,202212,2.86758803446909,3.31332289544493,2.20457204757416,..
Ukraine,UKR,"Inflation, consumer prices (annual %)",FP.CPI.TOTL.ZG,2022 Dec,202212,7.8867174561113,2.7324920941942,9.36313917695229,..
United Arab Emirates,ARE,"Inflation, consumer prices (annual %)",FP.CPI.TOTL.ZG,2022 Dec,202212,-1.93108114782171,-2.0794031794094,..,..
United Kingdom,GBR,"Inflation, consumer prices (annual %)",FP.CPI.TOTL.ZG,2022 Dec,202212,1.73810460086511,0.98948670377243,2.51837109614205,..
United States,USA,"Inflation, consumer prices (annual %)",FP.CPI.TOTL.ZG,2022 Dec,202212,1.81221007526015,1.23358439630637,4.69785886363739,..
Upper middle income,UMC,"Inflation, consumer prices (annual %)",FP.CPI.TOTL.ZG,2022 Dec,202212,1.96823036836555,1.62088661717004,4.02852888157379,..
Uruguay,URY,"Inflation, consumer prices (annual %)",FP.CPI.TOTL.ZG,2022 Dec,202212,7.88198870879622,9.75640636078191,7.74791402314763,..
Uzbekistan,UZB,"Inflation, consumer prices (annual %)",FP.CPI.TOTL.ZG,2022 Dec,202212,14.5257359560686,12.8677297362606,10.8492397508122,..
Vanuatu,VUT,"Inflation, consumer prices (annual %)",FP.CPI.TOTL.ZG,2022 Dec,202212,2.76252019386107,5.32935073101713,2.34328358208955,..
Venezuela,VEN,"Inflation, consumer prices (annual %)",FP.CPI.TOTL.ZG,2022 Dec,202212,..,..,..,..
Vietnam,VNM,"Inflation, consumer prices (annual %)",FP.CPI.TOTL.ZG,2022 Dec,202212,2.79582367452244,3.22093436652514,1.83471554810462,..
Virgin Islands,VIR,"Inflation, consumer prices (annual %)",FP.CPI.TOTL.ZG,2022 Dec,202212,..,..,..,..
West Bank and Gaza,PSE,"Inflation, consumer prices (annual %)",FP.CPI.TOTL.ZG,2022 Dec,202212,1.58018333639459,-0.735332001092242,1.23748102831382,..
West Bank and Gaza,WBG,"Inflation, consumer prices (annual %)",FP.CPI.TOTL.ZG,2022 Dec,202212,..,..,..,..
World,WLD,"Inflation, consumer prices (annual %)",FP.CPI.TOTL.ZG,2022 Dec,202212,2.18690154543462,1.92096800566845,3.49505757399453,..
Yemen,YEM,"Inflation, consumer prices (annual %)",FP.CPI.TOTL.ZG,2022 Dec,202212,..,..,..,..
"Yemen, PDR",YMD,"Inflation, consumer prices (annual %)",FP.CPI.TOTL.ZG,2022 Dec,202212,..,..,..,..
Zambia,ZMB,"Inflation, consumer prices (annual %)",FP.CPI.TOTL.ZG,2022 Dec,202212,9.15031644316299,15.7325851421273,22.0212342935964,..
Zimbabwe,ZWE,"Inflation, consumer prices (annual %)",FP.CPI.TOTL.ZG,2022 Dec,202212,255.304990757856,557.20181736205,98.5461050920624,..
,,,,,,,,,
,,,,,,,,,
,,,,,,,,,
Data from database: WDI Database Archives,,,,,,,,,
Last Updated: 03/08/2023,,,,,,,,,
Code,License Type,Indicator Name,Long definition,Source,Topic,Periodicity,Aggregation method,License URL
FP.CPI.TOTL.ZG,CC BY-4.0,"Inflation, consumer prices (annual %)","Inflation as measured by the consumer price index reflects the annual percentage change in the cost to the average consumer of acquiring a basket of goods and services that may be fixed or changed at specified intervals, such as yearly. The Laspeyres formula is generally used.","International Monetary Fund, International Financial Statistics and data files.",Financial Sector: Exchange rates & prices,Annual,Median,https://datacatalog.worldbank.org/public-licenses#cc-by
